dataset,record_id,record_base,error
cpsc2018,A0012,/Users/zy/csbj/新高分思路/data/raw/external/cpsc2018/cpsc_2018/g1/A0012,cannot reshape array of size 32577 into shape (12)
cpsc2018,A0015,/Users/zy/csbj/新高分思路/data/raw/external/cpsc2018/cpsc_2018/g1/A0015,cannot reshape array of size 40769 into shape (12)
cpsc2018,A0115,/Users/zy/csbj/新高分思路/data/raw/external/cpsc2018/cpsc_2018/g1/A0115,cannot reshape array of size 8001 into shape (12)
cpsc2018,A0137,/Users/zy/csbj/新高分思路/data/raw/external/cpsc2018/cpsc_2018/g1/A0137,cannot reshape array of size 24385 into shape (12)
cpsc2018,A0138,/Users/zy/csbj/新高分思路/data/raw/external/cpsc2018/cpsc_2018/g1/A0138,cannot reshape array of size 16193 into shape (12)
cpsc2018,A0161,/Users/zy/csbj/新高分思路/data/raw/external/cpsc2018/cpsc_2018/g1/A0161,cannot reshape array of size 16193 into shape (12)
cpsc2018,A0165,/Users/zy/csbj/新高分思路/data/raw/external/cpsc2018/cpsc_2018/g1/A0165,cannot reshape array of size 32577 into shape (12)
cpsc2018,A0172,/Users/zy/csbj/新高分思路/data/raw/external/cpsc2018/cpsc_2018/g1/A0172,cannot reshape array of size 16193 into shape (12)
cpsc2018,A0184,/Users/zy/csbj/新高分思路/data/raw/external/cpsc2018/cpsc_2018/g1/A0184,cannot reshape array of size 24385 into shape (12)
cpsc2018,A0212,/Users/zy/csbj/新高分思路/data/raw/external/cpsc2018/cpsc_2018/g1/A0212,cannot reshape array of size 16193 into shape (12)
cpsc2018,A0237,/Users/zy/csbj/新高分思路/data/raw/external/cpsc2018/cpsc_2018/g1/A0237,cannot reshape array of size 8001 into shape (12)
cpsc2018,A0238,/Users/zy/csbj/新高分思路/data/raw/external/cpsc2018/cpsc_2018/g1/A0238,cannot reshape array of size 48961 into shape (12)
cpsc2018,A0247,/Users/zy/csbj/新高分思路/data/raw/external/cpsc2018/cpsc_2018/g1/A0247,cannot reshape array of size 24385 into shape (12)
cpsc2018,A0248,/Users/zy/csbj/新高分思路/data/raw/external/cpsc2018/cpsc_2018/g1/A0248,cannot reshape array of size 24385 into shape (12)
cpsc2018,A0249,/Users/zy/csbj/新高分思路/data/raw/external/cpsc2018/cpsc_2018/g1/A0249,cannot reshape array of size 40769 into shape (12)
cpsc2018,A0254,/Users/zy/csbj/新高分思路/data/raw/external/cpsc2018/cpsc_2018/g1/A0254,cannot reshape array of size 16193 into shape (12)
cpsc2018,A0255,/Users/zy/csbj/新高分思路/data/raw/external/cpsc2018/cpsc_2018/g1/A0255,cannot reshape array of size 57153 into shape (12)
cpsc2018,A0296,/Users/zy/csbj/新高分思路/data/raw/external/cpsc2018/cpsc_2018/g1/A0296,cannot reshape array of size 48961 into shape (12)
cpsc2018,A0325,/Users/zy/csbj/新高分思路/data/raw/external/cpsc2018/cpsc_2018/g1/A0325,cannot reshape array of size 40769 into shape (12)
cpsc2018,A0334,/Users/zy/csbj/新高分思路/data/raw/external/cpsc2018/cpsc_2018/g1/A0334,cannot reshape array of size 48961 into shape (12)
cpsc2018,A0350,/Users/zy/csbj/新高分思路/data/raw/external/cpsc2018/cpsc_2018/g1/A0350,cannot reshape array of size 24385 into shape (12)
cpsc2018,A0368,/Users/zy/csbj/新高分思路/data/raw/external/cpsc2018/cpsc_2018/g1/A0368,cannot reshape array of size 16193 into shape (12)
cpsc2018,A0385,/Users/zy/csbj/新高分思路/data/raw/external/cpsc2018/cpsc_2018/g1/A0385,cannot reshape array of size 32577 into shape (12)
cpsc2018,A0420,/Users/zy/csbj/新高分思路/data/raw/external/cpsc2018/cpsc_2018/g1/A0420,cannot reshape array of size 24385 into shape (12)
cpsc2018,A0440,/Users/zy/csbj/新高分思路/data/raw/external/cpsc2018/cpsc_2018/g1/A0440,cannot reshape array of size 48961 into shape (12)
cpsc2018,A0482,/Users/zy/csbj/新高分思路/data/raw/external/cpsc2018/cpsc_2018/g1/A0482,cannot reshape array of size 24385 into shape (12)
cpsc2018,A0513,/Users/zy/csbj/新高分思路/data/raw/external/cpsc2018/cpsc_2018/g1/A0513,cannot reshape array of size 16193 into shape (12)
cpsc2018,A0518,/Users/zy/csbj/新高分思路/data/raw/external/cpsc2018/cpsc_2018/g1/A0518,cannot reshape array of size 32577 into shape (12)
cpsc2018,A0521,/Users/zy/csbj/新高分思路/data/raw/external/cpsc2018/cpsc_2018/g1/A0521,cannot reshape array of size 24385 into shape (12)
cpsc2018,A0523,/Users/zy/csbj/新高分思路/data/raw/external/cpsc2018/cpsc_2018/g1/A0523,cannot reshape array of size 16193 into shape (12)
cpsc2018,A0546,/Users/zy/csbj/新高分思路/data/raw/external/cpsc2018/cpsc_2018/g1/A0546,cannot reshape array of size 40769 into shape (12)
cpsc2018,A0682,/Users/zy/csbj/新高分思路/data/raw/external/cpsc2018/cpsc_2018/g1/A0682,cannot reshape array of size 40769 into shape (12)
cpsc2018,A0685,/Users/zy/csbj/新高分思路/data/raw/external/cpsc2018/cpsc_2018/g1/A0685,cannot reshape array of size 16193 into shape (12)
cpsc2018,A0702,/Users/zy/csbj/新高分思路/data/raw/external/cpsc2018/cpsc_2018/g1/A0702,cannot reshape array of size 8001 into shape (12)
cpsc2018,A0706,/Users/zy/csbj/新高分思路/data/raw/external/cpsc2018/cpsc_2018/g1/A0706,cannot reshape array of size 8001 into shape (12)
cpsc2018,A0718,/Users/zy/csbj/新高分思路/data/raw/external/cpsc2018/cpsc_2018/g1/A0718,cannot reshape array of size 24385 into shape (12)
cpsc2018,A0752,/Users/zy/csbj/新高分思路/data/raw/external/cpsc2018/cpsc_2018/g1/A0752,cannot reshape array of size 32577 into shape (12)
cpsc2018,A0774,/Users/zy/csbj/新高分思路/data/raw/external/cpsc2018/cpsc_2018/g1/A0774,cannot reshape array of size 57153 into shape (12)
cpsc2018,A0788,/Users/zy/csbj/新高分思路/data/raw/external/cpsc2018/cpsc_2018/g1/A0788,cannot reshape array of size 48961 into shape (12)
cpsc2018,A0792,/Users/zy/csbj/新高分思路/data/raw/external/cpsc2018/cpsc_2018/g1/A0792,cannot reshape array of size 24385 into shape (12)
cpsc2018,A0805,/Users/zy/csbj/新高分思路/data/raw/external/cpsc2018/cpsc_2018/g1/A0805,cannot reshape array of size 24385 into shape (12)
cpsc2018,A0819,/Users/zy/csbj/新高分思路/data/raw/external/cpsc2018/cpsc_2018/g1/A0819,cannot reshape array of size 57153 into shape (12)
cpsc2018,A0939,/Users/zy/csbj/新高分思路/data/raw/external/cpsc2018/cpsc_2018/g1/A0939,cannot reshape array of size 40769 into shape (12)
cpsc2018,A0995,/Users/zy/csbj/新高分思路/data/raw/external/cpsc2018/cpsc_2018/g1/A0995,cannot reshape array of size 16193 into shape (12)
cpsc2018,A1000,/Users/zy/csbj/新高分思路/data/raw/external/cpsc2018/cpsc_2018/g2/A1000,cannot reshape array of size 24385 into shape (12)
cpsc2018,A1003,/Users/zy/csbj/新高分思路/data/raw/external/cpsc2018/cpsc_2018/g2/A1003,cannot reshape array of size 32577 into shape (12)
cpsc2018,A1034,/Users/zy/csbj/新高分思路/data/raw/external/cpsc2018/cpsc_2018/g2/A1034,cannot reshape array of size 24385 into shape (12)
cpsc2018,A1041,/Users/zy/csbj/新高分思路/data/raw/external/cpsc2018/cpsc_2018/g2/A1041,cannot reshape array of size 24385 into shape (12)
cpsc2018,A1044,/Users/zy/csbj/新高分思路/data/raw/external/cpsc2018/cpsc_2018/g2/A1044,cannot reshape array of size 16193 into shape (12)
cpsc2018,A1046,/Users/zy/csbj/新高分思路/data/raw/external/cpsc2018/cpsc_2018/g2/A1046,cannot reshape array of size 24385 into shape (12)
cpsc2018,A1116,/Users/zy/csbj/新高分思路/data/raw/external/cpsc2018/cpsc_2018/g2/A1116,cannot reshape array of size 40769 into shape (12)
cpsc2018,A1230,/Users/zy/csbj/新高分思路/data/raw/external/cpsc2018/cpsc_2018/g2/A1230,cannot reshape array of size 98113 into shape (12)
cpsc2018,A1315,/Users/zy/csbj/新高分思路/data/raw/external/cpsc2018/cpsc_2018/g2/A1315,cannot reshape array of size 48961 into shape (12)
cpsc2018,A1317,/Users/zy/csbj/新高分思路/data/raw/external/cpsc2018/cpsc_2018/g2/A1317,cannot reshape array of size 16193 into shape (12)
cpsc2018,A1320,/Users/zy/csbj/新高分思路/data/raw/external/cpsc2018/cpsc_2018/g2/A1320,cannot reshape array of size 40769 into shape (12)
cpsc2018,A1321,/Users/zy/csbj/新高分思路/data/raw/external/cpsc2018/cpsc_2018/g2/A1321,cannot reshape array of size 32577 into shape (12)
cpsc2018,A1326,/Users/zy/csbj/新高分思路/data/raw/external/cpsc2018/cpsc_2018/g2/A1326,cannot reshape array of size 48961 into shape (12)
cpsc2018,A1333,/Users/zy/csbj/新高分思路/data/raw/external/cpsc2018/cpsc_2018/g2/A1333,cannot reshape array of size 32577 into shape (12)
cpsc2018,A1471,/Users/zy/csbj/新高分思路/data/raw/external/cpsc2018/cpsc_2018/g2/A1471,cannot reshape array of size 16193 into shape (12)
cpsc2018,A1500,/Users/zy/csbj/新高分思路/data/raw/external/cpsc2018/cpsc_2018/g2/A1500,cannot reshape array of size 40769 into shape (12)
cpsc2018,A1504,/Users/zy/csbj/新高分思路/data/raw/external/cpsc2018/cpsc_2018/g2/A1504,cannot reshape array of size 16193 into shape (12)
cpsc2018,A1537,/Users/zy/csbj/新高分思路/data/raw/external/cpsc2018/cpsc_2018/g2/A1537,cannot reshape array of size 24385 into shape (12)
cpsc2018,A1563,/Users/zy/csbj/新高分思路/data/raw/external/cpsc2018/cpsc_2018/g2/A1563,cannot reshape array of size 8001 into shape (12)
cpsc2018,A1586,/Users/zy/csbj/新高分思路/data/raw/external/cpsc2018/cpsc_2018/g2/A1586,cannot reshape array of size 16193 into shape (12)
cpsc2018,A1595,/Users/zy/csbj/新高分思路/data/raw/external/cpsc2018/cpsc_2018/g2/A1595,cannot reshape array of size 32577 into shape (12)
cpsc2018,A1640,/Users/zy/csbj/新高分思路/data/raw/external/cpsc2018/cpsc_2018/g2/A1640,cannot reshape array of size 32577 into shape (12)
cpsc2018,A1653,/Users/zy/csbj/新高分思路/data/raw/external/cpsc2018/cpsc_2018/g2/A1653,cannot reshape array of size 40769 into shape (12)
cpsc2018,A1672,/Users/zy/csbj/新高分思路/data/raw/external/cpsc2018/cpsc_2018/g2/A1672,cannot reshape array of size 16193 into shape (12)
cpsc2018,A1674,/Users/zy/csbj/新高分思路/data/raw/external/cpsc2018/cpsc_2018/g2/A1674,cannot reshape array of size 40769 into shape (12)
cpsc2018,A1678,/Users/zy/csbj/新高分思路/data/raw/external/cpsc2018/cpsc_2018/g2/A1678,cannot reshape array of size 32577 into shape (12)
cpsc2018,A1681,/Users/zy/csbj/新高分思路/data/raw/external/cpsc2018/cpsc_2018/g2/A1681,cannot reshape array of size 40769 into shape (12)
cpsc2018,A1682,/Users/zy/csbj/新高分思路/data/raw/external/cpsc2018/cpsc_2018/g2/A1682,cannot reshape array of size 8001 into shape (12)
cpsc2018,A1692,/Users/zy/csbj/新高分思路/data/raw/external/cpsc2018/cpsc_2018/g2/A1692,cannot reshape array of size 40769 into shape (12)
cpsc2018,A1703,/Users/zy/csbj/新高分思路/data/raw/external/cpsc2018/cpsc_2018/g2/A1703,cannot reshape array of size 16193 into shape (12)
cpsc2018,A1714,/Users/zy/csbj/新高分思路/data/raw/external/cpsc2018/cpsc_2018/g2/A1714,cannot reshape array of size 8001 into shape (12)
cpsc2018,A1737,/Users/zy/csbj/新高分思路/data/raw/external/cpsc2018/cpsc_2018/g2/A1737,cannot reshape array of size 24385 into shape (12)
cpsc2018,A1739,/Users/zy/csbj/新高分思路/data/raw/external/cpsc2018/cpsc_2018/g2/A1739,cannot reshape array of size 24385 into shape (12)
cpsc2018,A1763,/Users/zy/csbj/新高分思路/data/raw/external/cpsc2018/cpsc_2018/g2/A1763,cannot reshape array of size 32577 into shape (12)
cpsc2018,A1767,/Users/zy/csbj/新高分思路/data/raw/external/cpsc2018/cpsc_2018/g2/A1767,cannot reshape array of size 32577 into shape (12)
cpsc2018,A1781,/Users/zy/csbj/新高分思路/data/raw/external/cpsc2018/cpsc_2018/g2/A1781,cannot reshape array of size 57153 into shape (12)
cpsc2018,A1901,/Users/zy/csbj/新高分思路/data/raw/external/cpsc2018/cpsc_2018/g2/A1901,cannot reshape array of size 8001 into shape (12)
cpsc2018,A1909,/Users/zy/csbj/新高分思路/data/raw/external/cpsc2018/cpsc_2018/g2/A1909,cannot reshape array of size 16193 into shape (12)
cpsc2018,A1930,/Users/zy/csbj/新高分思路/data/raw/external/cpsc2018/cpsc_2018/g2/A1930,cannot reshape array of size 32577 into shape (12)
cpsc2018,A1936,/Users/zy/csbj/新高分思路/data/raw/external/cpsc2018/cpsc_2018/g2/A1936,cannot reshape array of size 40769 into shape (12)
cpsc2018,A1981,/Users/zy/csbj/新高分思路/data/raw/external/cpsc2018/cpsc_2018/g2/A1981,cannot reshape array of size 48961 into shape (12)
cpsc2018,A1987,/Users/zy/csbj/新高分思路/data/raw/external/cpsc2018/cpsc_2018/g2/A1987,cannot reshape array of size 40769 into shape (12)
cpsc2018,A2003,/Users/zy/csbj/新高分思路/data/raw/external/cpsc2018/cpsc_2018/g3/A2003,cannot reshape array of size 16193 into shape (12)
cpsc2018,A2017,/Users/zy/csbj/新高分思路/data/raw/external/cpsc2018/cpsc_2018/g3/A2017,cannot reshape array of size 32577 into shape (12)
cpsc2018,A2031,/Users/zy/csbj/新高分思路/data/raw/external/cpsc2018/cpsc_2018/g3/A2031,cannot reshape array of size 24385 into shape (12)
cpsc2018,A2038,/Users/zy/csbj/新高分思路/data/raw/external/cpsc2018/cpsc_2018/g3/A2038,cannot reshape array of size 8001 into shape (12)
cpsc2018,A2043,/Users/zy/csbj/新高分思路/data/raw/external/cpsc2018/cpsc_2018/g3/A2043,cannot reshape array of size 16193 into shape (12)
cpsc2018,A2070,/Users/zy/csbj/新高分思路/data/raw/external/cpsc2018/cpsc_2018/g3/A2070,cannot reshape array of size 24385 into shape (12)
cpsc2018,A2105,/Users/zy/csbj/新高分思路/data/raw/external/cpsc2018/cpsc_2018/g3/A2105,cannot reshape array of size 8001 into shape (12)
cpsc2018,A2134,/Users/zy/csbj/新高分思路/data/raw/external/cpsc2018/cpsc_2018/g3/A2134,cannot reshape array of size 57153 into shape (12)
cpsc2018,A2145,/Users/zy/csbj/新高分思路/data/raw/external/cpsc2018/cpsc_2018/g3/A2145,cannot reshape array of size 16193 into shape (12)
cpsc2018,A2296,/Users/zy/csbj/新高分思路/data/raw/external/cpsc2018/cpsc_2018/g3/A2296,cannot reshape array of size 57153 into shape (12)
cpsc2018,A2364,/Users/zy/csbj/新高分思路/data/raw/external/cpsc2018/cpsc_2018/g3/A2364,cannot reshape array of size 8001 into shape (12)
cpsc2018,A2386,/Users/zy/csbj/新高分思路/data/raw/external/cpsc2018/cpsc_2018/g3/A2386,cannot reshape array of size 48961 into shape (12)
cpsc2018,A2442,/Users/zy/csbj/新高分思路/data/raw/external/cpsc2018/cpsc_2018/g3/A2442,cannot reshape array of size 8001 into shape (12)
cpsc2018,A2460,/Users/zy/csbj/新高分思路/data/raw/external/cpsc2018/cpsc_2018/g3/A2460,cannot reshape array of size 40769 into shape (12)
cpsc2018,A2466,/Users/zy/csbj/新高分思路/data/raw/external/cpsc2018/cpsc_2018/g3/A2466,cannot reshape array of size 16193 into shape (12)
cpsc2018,A2473,/Users/zy/csbj/新高分思路/data/raw/external/cpsc2018/cpsc_2018/g3/A2473,cannot reshape array of size 32577 into shape (12)
cpsc2018,A2503,/Users/zy/csbj/新高分思路/data/raw/external/cpsc2018/cpsc_2018/g3/A2503,cannot reshape array of size 24385 into shape (12)
cpsc2018,A2528,/Users/zy/csbj/新高分思路/data/raw/external/cpsc2018/cpsc_2018/g3/A2528,cannot reshape array of size 8001 into shape (12)
cpsc2018,A2535,/Users/zy/csbj/新高分思路/data/raw/external/cpsc2018/cpsc_2018/g3/A2535,cannot reshape array of size 24385 into shape (12)
cpsc2018,A2602,/Users/zy/csbj/新高分思路/data/raw/external/cpsc2018/cpsc_2018/g3/A2602,cannot reshape array of size 8001 into shape (12)
cpsc2018,A2604,/Users/zy/csbj/新高分思路/data/raw/external/cpsc2018/cpsc_2018/g3/A2604,cannot reshape array of size 8001 into shape (12)
cpsc2018,A2615,/Users/zy/csbj/新高分思路/data/raw/external/cpsc2018/cpsc_2018/g3/A2615,cannot reshape array of size 32577 into shape (12)
cpsc2018,A2627,/Users/zy/csbj/新高分思路/data/raw/external/cpsc2018/cpsc_2018/g3/A2627,cannot reshape array of size 24385 into shape (12)
cpsc2018,A2630,/Users/zy/csbj/新高分思路/data/raw/external/cpsc2018/cpsc_2018/g3/A2630,cannot reshape array of size 40769 into shape (12)
cpsc2018,A2651,/Users/zy/csbj/新高分思路/data/raw/external/cpsc2018/cpsc_2018/g3/A2651,cannot reshape array of size 48961 into shape (12)
cpsc2018,A2653,/Users/zy/csbj/新高分思路/data/raw/external/cpsc2018/cpsc_2018/g3/A2653,cannot reshape array of size 16193 into shape (12)
cpsc2018,A2709,/Users/zy/csbj/新高分思路/data/raw/external/cpsc2018/cpsc_2018/g3/A2709,cannot reshape array of size 48961 into shape (12)
cpsc2018,A2776,/Users/zy/csbj/新高分思路/data/raw/external/cpsc2018/cpsc_2018/g3/A2776,cannot reshape array of size 32577 into shape (12)
cpsc2018,A2821,/Users/zy/csbj/新高分思路/data/raw/external/cpsc2018/cpsc_2018/g3/A2821,cannot reshape array of size 32577 into shape (12)
cpsc2018,A2838,/Users/zy/csbj/新高分思路/data/raw/external/cpsc2018/cpsc_2018/g3/A2838,cannot reshape array of size 40769 into shape (12)
cpsc2018,A2839,/Users/zy/csbj/新高分思路/data/raw/external/cpsc2018/cpsc_2018/g3/A2839,cannot reshape array of size 32577 into shape (12)
cpsc2018,A2860,/Users/zy/csbj/新高分思路/data/raw/external/cpsc2018/cpsc_2018/g3/A2860,cannot reshape array of size 16193 into shape (12)
cpsc2018,A2902,/Users/zy/csbj/新高分思路/data/raw/external/cpsc2018/cpsc_2018/g3/A2902,cannot reshape array of size 24385 into shape (12)
cpsc2018,A2903,/Users/zy/csbj/新高分思路/data/raw/external/cpsc2018/cpsc_2018/g3/A2903,cannot reshape array of size 16193 into shape (12)
cpsc2018,A2906,/Users/zy/csbj/新高分思路/data/raw/external/cpsc2018/cpsc_2018/g3/A2906,cannot reshape array of size 24385 into shape (12)
cpsc2018,A2907,/Users/zy/csbj/新高分思路/data/raw/external/cpsc2018/cpsc_2018/g3/A2907,cannot reshape array of size 8001 into shape (12)
cpsc2018,A2908,/Users/zy/csbj/新高分思路/data/raw/external/cpsc2018/cpsc_2018/g3/A2908,cannot reshape array of size 24385 into shape (12)
cpsc2018,A2920,/Users/zy/csbj/新高分思路/data/raw/external/cpsc2018/cpsc_2018/g3/A2920,cannot reshape array of size 24385 into shape (12)
cpsc2018,A2926,/Users/zy/csbj/新高分思路/data/raw/external/cpsc2018/cpsc_2018/g3/A2926,cannot reshape array of size 40769 into shape (12)
cpsc2018,A2939,/Users/zy/csbj/新高分思路/data/raw/external/cpsc2018/cpsc_2018/g3/A2939,cannot reshape array of size 24385 into shape (12)
cpsc2018,A2955,/Users/zy/csbj/新高分思路/data/raw/external/cpsc2018/cpsc_2018/g3/A2955,cannot reshape array of size 48961 into shape (12)
cpsc2018,A2966,/Users/zy/csbj/新高分思路/data/raw/external/cpsc2018/cpsc_2018/g3/A2966,cannot reshape array of size 24385 into shape (12)
cpsc2018,A2968,/Users/zy/csbj/新高分思路/data/raw/external/cpsc2018/cpsc_2018/g3/A2968,cannot reshape array of size 57153 into shape (12)
cpsc2018,A2969,/Users/zy/csbj/新高分思路/data/raw/external/cpsc2018/cpsc_2018/g3/A2969,cannot reshape array of size 48961 into shape (12)
cpsc2018,A2987,/Users/zy/csbj/新高分思路/data/raw/external/cpsc2018/cpsc_2018/g3/A2987,cannot reshape array of size 40769 into shape (12)
cpsc2018,A3000,/Users/zy/csbj/新高分思路/data/raw/external/cpsc2018/cpsc_2018/g4/A3000,cannot reshape array of size 40769 into shape (12)
cpsc2018,A3022,/Users/zy/csbj/新高分思路/data/raw/external/cpsc2018/cpsc_2018/g4/A3022,cannot reshape array of size 24385 into shape (12)
cpsc2018,A3035,/Users/zy/csbj/新高分思路/data/raw/external/cpsc2018/cpsc_2018/g4/A3035,cannot reshape array of size 57153 into shape (12)
cpsc2018,A3041,/Users/zy/csbj/新高分思路/data/raw/external/cpsc2018/cpsc_2018/g4/A3041,cannot reshape array of size 40769 into shape (12)
cpsc2018,A3051,/Users/zy/csbj/新高分思路/data/raw/external/cpsc2018/cpsc_2018/g4/A3051,cannot reshape array of size 57153 into shape (12)
cpsc2018,A3052,/Users/zy/csbj/新高分思路/data/raw/external/cpsc2018/cpsc_2018/g4/A3052,cannot reshape array of size 32577 into shape (12)
cpsc2018,A3054,/Users/zy/csbj/新高分思路/data/raw/external/cpsc2018/cpsc_2018/g4/A3054,cannot reshape array of size 73537 into shape (12)
cpsc2018,A3296,/Users/zy/csbj/新高分思路/data/raw/external/cpsc2018/cpsc_2018/g4/A3296,cannot reshape array of size 16193 into shape (12)
cpsc2018,A3324,/Users/zy/csbj/新高分思路/data/raw/external/cpsc2018/cpsc_2018/g4/A3324,cannot reshape array of size 24385 into shape (12)
cpsc2018,A3338,/Users/zy/csbj/新高分思路/data/raw/external/cpsc2018/cpsc_2018/g4/A3338,cannot reshape array of size 57153 into shape (12)
cpsc2018,A3362,/Users/zy/csbj/新高分思路/data/raw/external/cpsc2018/cpsc_2018/g4/A3362,cannot reshape array of size 40769 into shape (12)
cpsc2018,A3430,/Users/zy/csbj/新高分思路/data/raw/external/cpsc2018/cpsc_2018/g4/A3430,cannot reshape array of size 48961 into shape (12)
cpsc2018,A3460,/Users/zy/csbj/新高分思路/data/raw/external/cpsc2018/cpsc_2018/g4/A3460,cannot reshape array of size 24385 into shape (12)
cpsc2018,A3477,/Users/zy/csbj/新高分思路/data/raw/external/cpsc2018/cpsc_2018/g4/A3477,cannot reshape array of size 40769 into shape (12)
cpsc2018,A3486,/Users/zy/csbj/新高分思路/data/raw/external/cpsc2018/cpsc_2018/g4/A3486,cannot reshape array of size 24385 into shape (12)
cpsc2018,A3520,/Users/zy/csbj/新高分思路/data/raw/external/cpsc2018/cpsc_2018/g4/A3520,cannot reshape array of size 40769 into shape (12)
cpsc2018,A3545,/Users/zy/csbj/新高分思路/data/raw/external/cpsc2018/cpsc_2018/g4/A3545,cannot reshape array of size 40769 into shape (12)
cpsc2018,A3546,/Users/zy/csbj/新高分思路/data/raw/external/cpsc2018/cpsc_2018/g4/A3546,cannot reshape array of size 16193 into shape (12)
cpsc2018,A3572,/Users/zy/csbj/新高分思路/data/raw/external/cpsc2018/cpsc_2018/g4/A3572,cannot reshape array of size 40769 into shape (12)
cpsc2018,A3600,/Users/zy/csbj/新高分思路/data/raw/external/cpsc2018/cpsc_2018/g4/A3600,cannot reshape array of size 48961 into shape (12)
cpsc2018,A3625,/Users/zy/csbj/新高分思路/data/raw/external/cpsc2018/cpsc_2018/g4/A3625,cannot reshape array of size 32577 into shape (12)
cpsc2018,A3639,/Users/zy/csbj/新高分思路/data/raw/external/cpsc2018/cpsc_2018/g4/A3639,cannot reshape array of size 24385 into shape (12)
cpsc2018,A3696,/Users/zy/csbj/新高分思路/data/raw/external/cpsc2018/cpsc_2018/g4/A3696,cannot reshape array of size 16193 into shape (12)
cpsc2018,A3892,/Users/zy/csbj/新高分思路/data/raw/external/cpsc2018/cpsc_2018/g4/A3892,cannot reshape array of size 24385 into shape (12)
cpsc2018,A3925,/Users/zy/csbj/新高分思路/data/raw/external/cpsc2018/cpsc_2018/g4/A3925,cannot reshape array of size 40769 into shape (12)
cpsc2018,A3926,/Users/zy/csbj/新高分思路/data/raw/external/cpsc2018/cpsc_2018/g4/A3926,cannot reshape array of size 40769 into shape (12)
cpsc2018,A3928,/Users/zy/csbj/新高分思路/data/raw/external/cpsc2018/cpsc_2018/g4/A3928,cannot reshape array of size 32577 into shape (12)
cpsc2018,A3950,/Users/zy/csbj/新高分思路/data/raw/external/cpsc2018/cpsc_2018/g4/A3950,cannot reshape array of size 89921 into shape (12)
cpsc2018,A4012,/Users/zy/csbj/新高分思路/data/raw/external/cpsc2018/cpsc_2018/g5/A4012,cannot reshape array of size 24385 into shape (12)
cpsc2018,A4066,/Users/zy/csbj/新高分思路/data/raw/external/cpsc2018/cpsc_2018/g5/A4066,cannot reshape array of size 8001 into shape (12)
cpsc2018,A4072,/Users/zy/csbj/新高分思路/data/raw/external/cpsc2018/cpsc_2018/g5/A4072,cannot reshape array of size 24385 into shape (12)
cpsc2018,A4098,/Users/zy/csbj/新高分思路/data/raw/external/cpsc2018/cpsc_2018/g5/A4098,cannot reshape array of size 40769 into shape (12)
cpsc2018,A4118,/Users/zy/csbj/新高分思路/data/raw/external/cpsc2018/cpsc_2018/g5/A4118,cannot reshape array of size 24385 into shape (12)
cpsc2018,A4120,/Users/zy/csbj/新高分思路/data/raw/external/cpsc2018/cpsc_2018/g5/A4120,cannot reshape array of size 8001 into shape (12)
cpsc2018,A4129,/Users/zy/csbj/新高分思路/data/raw/external/cpsc2018/cpsc_2018/g5/A4129,cannot reshape array of size 24385 into shape (12)
cpsc2018,A4314,/Users/zy/csbj/新高分思路/data/raw/external/cpsc2018/cpsc_2018/g5/A4314,cannot reshape array of size 24385 into shape (12)
cpsc2018,A4340,/Users/zy/csbj/新高分思路/data/raw/external/cpsc2018/cpsc_2018/g5/A4340,cannot reshape array of size 8001 into shape (12)
cpsc2018,A4361,/Users/zy/csbj/新高分思路/data/raw/external/cpsc2018/cpsc_2018/g5/A4361,cannot reshape array of size 16193 into shape (12)
cpsc2018,A4384,/Users/zy/csbj/新高分思路/data/raw/external/cpsc2018/cpsc_2018/g5/A4384,cannot reshape array of size 32577 into shape (12)
cpsc2018,A4396,/Users/zy/csbj/新高分思路/data/raw/external/cpsc2018/cpsc_2018/g5/A4396,cannot reshape array of size 24385 into shape (12)
cpsc2018,A4413,/Users/zy/csbj/新高分思路/data/raw/external/cpsc2018/cpsc_2018/g5/A4413,cannot reshape array of size 32577 into shape (12)
cpsc2018,A4442,/Users/zy/csbj/新高分思路/data/raw/external/cpsc2018/cpsc_2018/g5/A4442,cannot reshape array of size 32577 into shape (12)
cpsc2018,A4513,/Users/zy/csbj/新高分思路/data/raw/external/cpsc2018/cpsc_2018/g5/A4513,cannot reshape array of size 32577 into shape (12)
cpsc2018,A4526,/Users/zy/csbj/新高分思路/data/raw/external/cpsc2018/cpsc_2018/g5/A4526,cannot reshape array of size 40769 into shape (12)
cpsc2018,A4565,/Users/zy/csbj/新高分思路/data/raw/external/cpsc2018/cpsc_2018/g5/A4565,cannot reshape array of size 24385 into shape (12)
cpsc2018,A4572,/Users/zy/csbj/新高分思路/data/raw/external/cpsc2018/cpsc_2018/g5/A4572,cannot reshape array of size 24385 into shape (12)
cpsc2018,A4611,/Users/zy/csbj/新高分思路/data/raw/external/cpsc2018/cpsc_2018/g5/A4611,cannot reshape array of size 16193 into shape (12)
cpsc2018,A4663,/Users/zy/csbj/新高分思路/data/raw/external/cpsc2018/cpsc_2018/g5/A4663,cannot reshape array of size 48961 into shape (12)
cpsc2018,A4680,/Users/zy/csbj/新高分思路/data/raw/external/cpsc2018/cpsc_2018/g5/A4680,cannot reshape array of size 16193 into shape (12)
cpsc2018,A4718,/Users/zy/csbj/新高分思路/data/raw/external/cpsc2018/cpsc_2018/g5/A4718,cannot reshape array of size 24385 into shape (12)
cpsc2018,A4766,/Users/zy/csbj/新高分思路/data/raw/external/cpsc2018/cpsc_2018/g5/A4766,cannot reshape array of size 16193 into shape (12)
cpsc2018,A4767,/Users/zy/csbj/新高分思路/data/raw/external/cpsc2018/cpsc_2018/g5/A4767,cannot reshape array of size 24385 into shape (12)
cpsc2018,A4803,/Users/zy/csbj/新高分思路/data/raw/external/cpsc2018/cpsc_2018/g5/A4803,cannot reshape array of size 8001 into shape (12)
cpsc2018,A4806,/Users/zy/csbj/新高分思路/data/raw/external/cpsc2018/cpsc_2018/g5/A4806,cannot reshape array of size 24385 into shape (12)
cpsc2018,A4822,/Users/zy/csbj/新高分思路/data/raw/external/cpsc2018/cpsc_2018/g5/A4822,cannot reshape array of size 24385 into shape (12)
cpsc2018,A4849,/Users/zy/csbj/新高分思路/data/raw/external/cpsc2018/cpsc_2018/g5/A4849,cannot reshape array of size 32577 into shape (12)
cpsc2018,A4879,/Users/zy/csbj/新高分思路/data/raw/external/cpsc2018/cpsc_2018/g5/A4879,cannot reshape array of size 24385 into shape (12)
cpsc2018,A4947,/Users/zy/csbj/新高分思路/data/raw/external/cpsc2018/cpsc_2018/g5/A4947,cannot reshape array of size 32577 into shape (12)
cpsc2018,A5043,/Users/zy/csbj/新高分思路/data/raw/external/cpsc2018/cpsc_2018/g6/A5043,cannot reshape array of size 24385 into shape (12)
cpsc2018,A5073,/Users/zy/csbj/新高分思路/data/raw/external/cpsc2018/cpsc_2018/g6/A5073,cannot reshape array of size 57153 into shape (12)
cpsc2018,A5077,/Users/zy/csbj/新高分思路/data/raw/external/cpsc2018/cpsc_2018/g6/A5077,cannot reshape array of size 40769 into shape (12)
cpsc2018,A5079,/Users/zy/csbj/新高分思路/data/raw/external/cpsc2018/cpsc_2018/g6/A5079,cannot reshape array of size 48961 into shape (12)
cpsc2018,A5158,/Users/zy/csbj/新高分思路/data/raw/external/cpsc2018/cpsc_2018/g6/A5158,cannot reshape array of size 24385 into shape (12)
cpsc2018,A5164,/Users/zy/csbj/新高分思路/data/raw/external/cpsc2018/cpsc_2018/g6/A5164,cannot reshape array of size 24385 into shape (12)
cpsc2018,A5180,/Users/zy/csbj/新高分思路/data/raw/external/cpsc2018/cpsc_2018/g6/A5180,cannot reshape array of size 24385 into shape (12)
cpsc2018,A5183,/Users/zy/csbj/新高分思路/data/raw/external/cpsc2018/cpsc_2018/g6/A5183,cannot reshape array of size 8001 into shape (12)
cpsc2018,A5199,/Users/zy/csbj/新高分思路/data/raw/external/cpsc2018/cpsc_2018/g6/A5199,cannot reshape array of size 24385 into shape (12)
cpsc2018,A5203,/Users/zy/csbj/新高分思路/data/raw/external/cpsc2018/cpsc_2018/g6/A5203,cannot reshape array of size 32577 into shape (12)
cpsc2018,A5235,/Users/zy/csbj/新高分思路/data/raw/external/cpsc2018/cpsc_2018/g6/A5235,cannot reshape array of size 16193 into shape (12)
cpsc2018,A5236,/Users/zy/csbj/新高分思路/data/raw/external/cpsc2018/cpsc_2018/g6/A5236,cannot reshape array of size 16193 into shape (12)
cpsc2018,A5262,/Users/zy/csbj/新高分思路/data/raw/external/cpsc2018/cpsc_2018/g6/A5262,cannot reshape array of size 40769 into shape (12)
cpsc2018,A5304,/Users/zy/csbj/新高分思路/data/raw/external/cpsc2018/cpsc_2018/g6/A5304,cannot reshape array of size 16193 into shape (12)
cpsc2018,A5306,/Users/zy/csbj/新高分思路/data/raw/external/cpsc2018/cpsc_2018/g6/A5306,cannot reshape array of size 32577 into shape (12)
cpsc2018,A5335,/Users/zy/csbj/新高分思路/data/raw/external/cpsc2018/cpsc_2018/g6/A5335,cannot reshape array of size 24385 into shape (12)
cpsc2018,A5357,/Users/zy/csbj/新高分思路/data/raw/external/cpsc2018/cpsc_2018/g6/A5357,cannot reshape array of size 8001 into shape (12)
cpsc2018,A5399,/Users/zy/csbj/新高分思路/data/raw/external/cpsc2018/cpsc_2018/g6/A5399,cannot reshape array of size 16193 into shape (12)
cpsc2018,A5409,/Users/zy/csbj/新高分思路/data/raw/external/cpsc2018/cpsc_2018/g6/A5409,cannot reshape array of size 24385 into shape (12)
cpsc2018,A5421,/Users/zy/csbj/新高分思路/data/raw/external/cpsc2018/cpsc_2018/g6/A5421,cannot reshape array of size 32577 into shape (12)
cpsc2018,A5441,/Users/zy/csbj/新高分思路/data/raw/external/cpsc2018/cpsc_2018/g6/A5441,cannot reshape array of size 16193 into shape (12)
cpsc2018,A5492,/Users/zy/csbj/新高分思路/data/raw/external/cpsc2018/cpsc_2018/g6/A5492,cannot reshape array of size 40769 into shape (12)
cpsc2018,A5518,/Users/zy/csbj/新高分思路/data/raw/external/cpsc2018/cpsc_2018/g6/A5518,cannot reshape array of size 8001 into shape (12)
cpsc2018,A5523,/Users/zy/csbj/新高分思路/data/raw/external/cpsc2018/cpsc_2018/g6/A5523,cannot reshape array of size 16193 into shape (12)
cpsc2018,A5536,/Users/zy/csbj/新高分思路/data/raw/external/cpsc2018/cpsc_2018/g6/A5536,cannot reshape array of size 57153 into shape (12)
cpsc2018,A5563,/Users/zy/csbj/新高分思路/data/raw/external/cpsc2018/cpsc_2018/g6/A5563,cannot reshape array of size 48961 into shape (12)
cpsc2018,A5564,/Users/zy/csbj/新高分思路/data/raw/external/cpsc2018/cpsc_2018/g6/A5564,cannot reshape array of size 24385 into shape (12)
cpsc2018,A5621,/Users/zy/csbj/新高分思路/data/raw/external/cpsc2018/cpsc_2018/g6/A5621,cannot reshape array of size 40769 into shape (12)
cpsc2018,A5622,/Users/zy/csbj/新高分思路/data/raw/external/cpsc2018/cpsc_2018/g6/A5622,cannot reshape array of size 48961 into shape (12)
cpsc2018,A5661,/Users/zy/csbj/新高分思路/data/raw/external/cpsc2018/cpsc_2018/g6/A5661,cannot reshape array of size 32577 into shape (12)
cpsc2018,A5680,/Users/zy/csbj/新高分思路/data/raw/external/cpsc2018/cpsc_2018/g6/A5680,cannot reshape array of size 16193 into shape (12)
cpsc2018,A5735,/Users/zy/csbj/新高分思路/data/raw/external/cpsc2018/cpsc_2018/g6/A5735,cannot reshape array of size 73537 into shape (12)
cpsc2018,A5762,/Users/zy/csbj/新高分思路/data/raw/external/cpsc2018/cpsc_2018/g6/A5762,cannot reshape array of size 57153 into shape (12)
cpsc2018,A5797,/Users/zy/csbj/新高分思路/data/raw/external/cpsc2018/cpsc_2018/g6/A5797,cannot reshape array of size 73537 into shape (12)
cpsc2018,A5864,/Users/zy/csbj/新高分思路/data/raw/external/cpsc2018/cpsc_2018/g6/A5864,cannot reshape array of size 32577 into shape (12)
cpsc2018,A5887,/Users/zy/csbj/新高分思路/data/raw/external/cpsc2018/cpsc_2018/g6/A5887,cannot reshape array of size 32577 into shape (12)
cpsc2018,A5911,/Users/zy/csbj/新高分思路/data/raw/external/cpsc2018/cpsc_2018/g6/A5911,cannot reshape array of size 8001 into shape (12)
cpsc2018,A5913,/Users/zy/csbj/新高分思路/data/raw/external/cpsc2018/cpsc_2018/g6/A5913,cannot reshape array of size 8001 into shape (12)
cpsc2018,A5916,/Users/zy/csbj/新高分思路/data/raw/external/cpsc2018/cpsc_2018/g6/A5916,cannot reshape array of size 32577 into shape (12)
cpsc2018,A5939,/Users/zy/csbj/新高分思路/data/raw/external/cpsc2018/cpsc_2018/g6/A5939,cannot reshape array of size 24385 into shape (12)
cpsc2018,A5960,/Users/zy/csbj/新高分思路/data/raw/external/cpsc2018/cpsc_2018/g6/A5960,cannot reshape array of size 48961 into shape (12)
cpsc2018,A5966,/Users/zy/csbj/新高分思路/data/raw/external/cpsc2018/cpsc_2018/g6/A5966,cannot reshape array of size 24385 into shape (12)
cpsc2018,A5967,/Users/zy/csbj/新高分思路/data/raw/external/cpsc2018/cpsc_2018/g6/A5967,cannot reshape array of size 16193 into shape (12)
cpsc2018,A6050,/Users/zy/csbj/新高分思路/data/raw/external/cpsc2018/cpsc_2018/g7/A6050,cannot reshape array of size 16193 into shape (12)
cpsc2018,A6076,/Users/zy/csbj/新高分思路/data/raw/external/cpsc2018/cpsc_2018/g7/A6076,cannot reshape array of size 24385 into shape (12)
cpsc2018,A6115,/Users/zy/csbj/新高分思路/data/raw/external/cpsc2018/cpsc_2018/g7/A6115,cannot reshape array of size 16193 into shape (12)
cpsc2018,A6153,/Users/zy/csbj/新高分思路/data/raw/external/cpsc2018/cpsc_2018/g7/A6153,cannot reshape array of size 32577 into shape (12)
cpsc2018,A6274,/Users/zy/csbj/新高分思路/data/raw/external/cpsc2018/cpsc_2018/g7/A6274,cannot reshape array of size 8001 into shape (12)
cpsc2018,A6280,/Users/zy/csbj/新高分思路/data/raw/external/cpsc2018/cpsc_2018/g7/A6280,cannot reshape array of size 40769 into shape (12)
cpsc2018,A6377,/Users/zy/csbj/新高分思路/data/raw/external/cpsc2018/cpsc_2018/g7/A6377,cannot reshape array of size 16193 into shape (12)
cpsc2018,A6485,/Users/zy/csbj/新高分思路/data/raw/external/cpsc2018/cpsc_2018/g7/A6485,cannot reshape array of size 16193 into shape (12)
cpsc2018,A6492,/Users/zy/csbj/新高分思路/data/raw/external/cpsc2018/cpsc_2018/g7/A6492,cannot reshape array of size 8001 into shape (12)
cpsc2018,A6500,/Users/zy/csbj/新高分思路/data/raw/external/cpsc2018/cpsc_2018/g7/A6500,cannot reshape array of size 24385 into shape (12)
cpsc2018,A6562,/Users/zy/csbj/新高分思路/data/raw/external/cpsc2018/cpsc_2018/g7/A6562,cannot reshape array of size 40769 into shape (12)
cpsc2018,A6570,/Users/zy/csbj/新高分思路/data/raw/external/cpsc2018/cpsc_2018/g7/A6570,cannot reshape array of size 40769 into shape (12)
cpsc2018,A6629,/Users/zy/csbj/新高分思路/data/raw/external/cpsc2018/cpsc_2018/g7/A6629,cannot reshape array of size 32577 into shape (12)
cpsc2018,A6667,/Users/zy/csbj/新高分思路/data/raw/external/cpsc2018/cpsc_2018/g7/A6667,cannot reshape array of size 40769 into shape (12)
cpsc2018,A6692,/Users/zy/csbj/新高分思路/data/raw/external/cpsc2018/cpsc_2018/g7/A6692,cannot reshape array of size 48961 into shape (12)
cpsc2018,A6705,/Users/zy/csbj/新高分思路/data/raw/external/cpsc2018/cpsc_2018/g7/A6705,cannot reshape array of size 81729 into shape (12)
cpsc2018,A6773,/Users/zy/csbj/新高分思路/data/raw/external/cpsc2018/cpsc_2018/g7/A6773,cannot reshape array of size 24385 into shape (12)
cpsc2018,A6836,/Users/zy/csbj/新高分思路/data/raw/external/cpsc2018/cpsc_2018/g7/A6836,cannot reshape array of size 32577 into shape (12)
cpsc2018,A6865,/Users/zy/csbj/新高分思路/data/raw/external/cpsc2018/cpsc_2018/g7/A6865,cannot reshape array of size 32577 into shape (12)
cpsc2018,Q0030,/Users/zy/csbj/新高分思路/data/raw/external/cpsc2018/cpsc_2018_extra/g1/Q0030,cannot reshape array of size 40769 into shape (12)
cpsc2018,Q0054,/Users/zy/csbj/新高分思路/data/raw/external/cpsc2018/cpsc_2018_extra/g1/Q0054,cannot reshape array of size 24385 into shape (12)
cpsc2018,Q0061,/Users/zy/csbj/新高分思路/data/raw/external/cpsc2018/cpsc_2018_extra/g1/Q0061,cannot reshape array of size 16193 into shape (12)
cpsc2018,Q0102,/Users/zy/csbj/新高分思路/data/raw/external/cpsc2018/cpsc_2018_extra/g1/Q0102,cannot reshape array of size 16193 into shape (12)
cpsc2018,Q0117,/Users/zy/csbj/新高分思路/data/raw/external/cpsc2018/cpsc_2018_extra/g1/Q0117,cannot reshape array of size 32577 into shape (12)
cpsc2018,Q0133,/Users/zy/csbj/新高分思路/data/raw/external/cpsc2018/cpsc_2018_extra/g1/Q0133,cannot reshape array of size 32577 into shape (12)
cpsc2018,Q0135,/Users/zy/csbj/新高分思路/data/raw/external/cpsc2018/cpsc_2018_extra/g1/Q0135,cannot reshape array of size 16193 into shape (12)
cpsc2018,Q0138,/Users/zy/csbj/新高分思路/data/raw/external/cpsc2018/cpsc_2018_extra/g1/Q0138,cannot reshape array of size 16193 into shape (12)
cpsc2018,Q0151,/Users/zy/csbj/新高分思路/data/raw/external/cpsc2018/cpsc_2018_extra/g1/Q0151,cannot reshape array of size 8001 into shape (12)
cpsc2018,Q0164,/Users/zy/csbj/新高分思路/data/raw/external/cpsc2018/cpsc_2018_extra/g1/Q0164,cannot reshape array of size 32577 into shape (12)
cpsc2018,Q0165,/Users/zy/csbj/新高分思路/data/raw/external/cpsc2018/cpsc_2018_extra/g1/Q0165,cannot reshape array of size 24385 into shape (12)
cpsc2018,Q0306,/Users/zy/csbj/新高分思路/data/raw/external/cpsc2018/cpsc_2018_extra/g1/Q0306,cannot reshape array of size 16193 into shape (12)
cpsc2018,Q0337,/Users/zy/csbj/新高分思路/data/raw/external/cpsc2018/cpsc_2018_extra/g1/Q0337,cannot reshape array of size 48961 into shape (12)
cpsc2018,Q0392,/Users/zy/csbj/新高分思路/data/raw/external/cpsc2018/cpsc_2018_extra/g1/Q0392,cannot reshape array of size 24385 into shape (12)
cpsc2018,Q0406,/Users/zy/csbj/新高分思路/data/raw/external/cpsc2018/cpsc_2018_extra/g1/Q0406,cannot reshape array of size 8001 into shape (12)
cpsc2018,Q0441,/Users/zy/csbj/新高分思路/data/raw/external/cpsc2018/cpsc_2018_extra/g1/Q0441,cannot reshape array of size 8001 into shape (12)
cpsc2018,Q0468,/Users/zy/csbj/新高分思路/data/raw/external/cpsc2018/cpsc_2018_extra/g1/Q0468,cannot reshape array of size 32577 into shape (12)
cpsc2018,Q0471,/Users/zy/csbj/新高分思路/data/raw/external/cpsc2018/cpsc_2018_extra/g1/Q0471,cannot reshape array of size 16193 into shape (12)
cpsc2018,Q0493,/Users/zy/csbj/新高分思路/data/raw/external/cpsc2018/cpsc_2018_extra/g1/Q0493,cannot reshape array of size 32577 into shape (12)
cpsc2018,Q0523,/Users/zy/csbj/新高分思路/data/raw/external/cpsc2018/cpsc_2018_extra/g1/Q0523,cannot reshape array of size 40769 into shape (12)
cpsc2018,Q0559,/Users/zy/csbj/新高分思路/data/raw/external/cpsc2018/cpsc_2018_extra/g1/Q0559,cannot reshape array of size 48961 into shape (12)
cpsc2018,Q0589,/Users/zy/csbj/新高分思路/data/raw/external/cpsc2018/cpsc_2018_extra/g1/Q0589,cannot reshape array of size 16193 into shape (12)
cpsc2018,Q0655,/Users/zy/csbj/新高分思路/data/raw/external/cpsc2018/cpsc_2018_extra/g1/Q0655,cannot reshape array of size 8001 into shape (12)
cpsc2018,Q0657,/Users/zy/csbj/新高分思路/data/raw/external/cpsc2018/cpsc_2018_extra/g1/Q0657,cannot reshape array of size 48961 into shape (12)
cpsc2018,Q0664,/Users/zy/csbj/新高分思路/data/raw/external/cpsc2018/cpsc_2018_extra/g1/Q0664,cannot reshape array of size 16193 into shape (12)
cpsc2018,Q0666,/Users/zy/csbj/新高分思路/data/raw/external/cpsc2018/cpsc_2018_extra/g1/Q0666,cannot reshape array of size 8001 into shape (12)
cpsc2018,Q0670,/Users/zy/csbj/新高分思路/data/raw/external/cpsc2018/cpsc_2018_extra/g1/Q0670,cannot reshape array of size 32577 into shape (12)
cpsc2018,Q0678,/Users/zy/csbj/新高分思路/data/raw/external/cpsc2018/cpsc_2018_extra/g1/Q0678,cannot reshape array of size 40769 into shape (12)
cpsc2018,Q0740,/Users/zy/csbj/新高分思路/data/raw/external/cpsc2018/cpsc_2018_extra/g1/Q0740,cannot reshape array of size 40769 into shape (12)
cpsc2018,Q0826,/Users/zy/csbj/新高分思路/data/raw/external/cpsc2018/cpsc_2018_extra/g1/Q0826,cannot reshape array of size 24385 into shape (12)
cpsc2018,Q0862,/Users/zy/csbj/新高分思路/data/raw/external/cpsc2018/cpsc_2018_extra/g1/Q0862,cannot reshape array of size 32577 into shape (12)
cpsc2018,Q0871,/Users/zy/csbj/新高分思路/data/raw/external/cpsc2018/cpsc_2018_extra/g1/Q0871,cannot reshape array of size 24385 into shape (12)
cpsc2018,Q0947,/Users/zy/csbj/新高分思路/data/raw/external/cpsc2018/cpsc_2018_extra/g1/Q0947,cannot reshape array of size 32577 into shape (12)
cpsc2018,Q0959,/Users/zy/csbj/新高分思路/data/raw/external/cpsc2018/cpsc_2018_extra/g1/Q0959,cannot reshape array of size 24385 into shape (12)
cpsc2018,Q1024,/Users/zy/csbj/新高分思路/data/raw/external/cpsc2018/cpsc_2018_extra/g1/Q1024,cannot reshape array of size 40769 into shape (12)
cpsc2018,Q1026,/Users/zy/csbj/新高分思路/data/raw/external/cpsc2018/cpsc_2018_extra/g1/Q1026,cannot reshape array of size 24385 into shape (12)
cpsc2018,Q1030,/Users/zy/csbj/新高分思路/data/raw/external/cpsc2018/cpsc_2018_extra/g1/Q1030,cannot reshape array of size 24385 into shape (12)
cpsc2018,Q1034,/Users/zy/csbj/新高分思路/data/raw/external/cpsc2018/cpsc_2018_extra/g2/Q1034,cannot reshape array of size 48961 into shape (12)
cpsc2018,Q1035,/Users/zy/csbj/新高分思路/data/raw/external/cpsc2018/cpsc_2018_extra/g2/Q1035,cannot reshape array of size 32577 into shape (12)
cpsc2018,Q1050,/Users/zy/csbj/新高分思路/data/raw/external/cpsc2018/cpsc_2018_extra/g2/Q1050,cannot reshape array of size 16193 into shape (12)
cpsc2018,Q1072,/Users/zy/csbj/新高分思路/data/raw/external/cpsc2018/cpsc_2018_extra/g2/Q1072,cannot reshape array of size 24385 into shape (12)
cpsc2018,Q1104,/Users/zy/csbj/新高分思路/data/raw/external/cpsc2018/cpsc_2018_extra/g2/Q1104,cannot reshape array of size 8001 into shape (12)
cpsc2018,Q1126,/Users/zy/csbj/新高分思路/data/raw/external/cpsc2018/cpsc_2018_extra/g2/Q1126,cannot reshape array of size 24385 into shape (12)
cpsc2018,Q1172,/Users/zy/csbj/新高分思路/data/raw/external/cpsc2018/cpsc_2018_extra/g2/Q1172,cannot reshape array of size 24385 into shape (12)
cpsc2018,Q1286,/Users/zy/csbj/新高分思路/data/raw/external/cpsc2018/cpsc_2018_extra/g2/Q1286,cannot reshape array of size 40769 into shape (12)
cpsc2018,Q1290,/Users/zy/csbj/新高分思路/data/raw/external/cpsc2018/cpsc_2018_extra/g2/Q1290,cannot reshape array of size 32577 into shape (12)
cpsc2018,Q1338,/Users/zy/csbj/新高分思路/data/raw/external/cpsc2018/cpsc_2018_extra/g2/Q1338,cannot reshape array of size 24385 into shape (12)
cpsc2018,Q1437,/Users/zy/csbj/新高分思路/data/raw/external/cpsc2018/cpsc_2018_extra/g2/Q1437,cannot reshape array of size 24385 into shape (12)
cpsc2018,Q1438,/Users/zy/csbj/新高分思路/data/raw/external/cpsc2018/cpsc_2018_extra/g2/Q1438,cannot reshape array of size 8001 into shape (12)
cpsc2018,Q1493,/Users/zy/csbj/新高分思路/data/raw/external/cpsc2018/cpsc_2018_extra/g2/Q1493,cannot reshape array of size 48961 into shape (12)
cpsc2018,Q1496,/Users/zy/csbj/新高分思路/data/raw/external/cpsc2018/cpsc_2018_extra/g2/Q1496,cannot reshape array of size 40769 into shape (12)
cpsc2018,Q1500,/Users/zy/csbj/新高分思路/data/raw/external/cpsc2018/cpsc_2018_extra/g2/Q1500,cannot reshape array of size 8001 into shape (12)
cpsc2018,Q1503,/Users/zy/csbj/新高分思路/data/raw/external/cpsc2018/cpsc_2018_extra/g2/Q1503,cannot reshape array of size 24385 into shape (12)
cpsc2018,Q1505,/Users/zy/csbj/新高分思路/data/raw/external/cpsc2018/cpsc_2018_extra/g2/Q1505,cannot reshape array of size 48961 into shape (12)
cpsc2018,Q1511,/Users/zy/csbj/新高分思路/data/raw/external/cpsc2018/cpsc_2018_extra/g2/Q1511,cannot reshape array of size 8001 into shape (12)
cpsc2018,Q1516,/Users/zy/csbj/新高分思路/data/raw/external/cpsc2018/cpsc_2018_extra/g2/Q1516,cannot reshape array of size 24385 into shape (12)
cpsc2018,Q1518,/Users/zy/csbj/新高分思路/data/raw/external/cpsc2018/cpsc_2018_extra/g2/Q1518,cannot reshape array of size 32577 into shape (12)
cpsc2018,Q1524,/Users/zy/csbj/新高分思路/data/raw/external/cpsc2018/cpsc_2018_extra/g2/Q1524,cannot reshape array of size 40769 into shape (12)
cpsc2018,Q1525,/Users/zy/csbj/新高分思路/data/raw/external/cpsc2018/cpsc_2018_extra/g2/Q1525,cannot reshape array of size 48961 into shape (12)
cpsc2018,Q1557,/Users/zy/csbj/新高分思路/data/raw/external/cpsc2018/cpsc_2018_extra/g2/Q1557,cannot reshape array of size 24385 into shape (12)
cpsc2018,Q1579,/Users/zy/csbj/新高分思路/data/raw/external/cpsc2018/cpsc_2018_extra/g2/Q1579,cannot reshape array of size 24385 into shape (12)
cpsc2018,Q1595,/Users/zy/csbj/新高分思路/data/raw/external/cpsc2018/cpsc_2018_extra/g2/Q1595,cannot reshape array of size 32577 into shape (12)
cpsc2018,Q1619,/Users/zy/csbj/新高分思路/data/raw/external/cpsc2018/cpsc_2018_extra/g2/Q1619,cannot reshape array of size 32577 into shape (12)
cpsc2018,Q1715,/Users/zy/csbj/新高分思路/data/raw/external/cpsc2018/cpsc_2018_extra/g2/Q1715,cannot reshape array of size 24385 into shape (12)
cpsc2018,Q1717,/Users/zy/csbj/新高分思路/data/raw/external/cpsc2018/cpsc_2018_extra/g2/Q1717,cannot reshape array of size 24385 into shape (12)
cpsc2018,Q1720,/Users/zy/csbj/新高分思路/data/raw/external/cpsc2018/cpsc_2018_extra/g2/Q1720,cannot reshape array of size 32577 into shape (12)
cpsc2018,Q1726,/Users/zy/csbj/新高分思路/data/raw/external/cpsc2018/cpsc_2018_extra/g2/Q1726,cannot reshape array of size 16193 into shape (12)
cpsc2018,Q1750,/Users/zy/csbj/新高分思路/data/raw/external/cpsc2018/cpsc_2018_extra/g2/Q1750,cannot reshape array of size 24385 into shape (12)
cpsc2018,Q1761,/Users/zy/csbj/新高分思路/data/raw/external/cpsc2018/cpsc_2018_extra/g2/Q1761,cannot reshape array of size 24385 into shape (12)
cpsc2018,Q1770,/Users/zy/csbj/新高分思路/data/raw/external/cpsc2018/cpsc_2018_extra/g2/Q1770,cannot reshape array of size 8001 into shape (12)
cpsc2018,Q1782,/Users/zy/csbj/新高分思路/data/raw/external/cpsc2018/cpsc_2018_extra/g2/Q1782,cannot reshape array of size 24385 into shape (12)
cpsc2018,Q1789,/Users/zy/csbj/新高分思路/data/raw/external/cpsc2018/cpsc_2018_extra/g2/Q1789,cannot reshape array of size 8001 into shape (12)
cpsc2018,Q1794,/Users/zy/csbj/新高分思路/data/raw/external/cpsc2018/cpsc_2018_extra/g2/Q1794,cannot reshape array of size 48961 into shape (12)
cpsc2018,Q1819,/Users/zy/csbj/新高分思路/data/raw/external/cpsc2018/cpsc_2018_extra/g2/Q1819,cannot reshape array of size 16193 into shape (12)
cpsc2018,Q1827,/Users/zy/csbj/新高分思路/data/raw/external/cpsc2018/cpsc_2018_extra/g2/Q1827,cannot reshape array of size 32577 into shape (12)
cpsc2018,Q1883,/Users/zy/csbj/新高分思路/data/raw/external/cpsc2018/cpsc_2018_extra/g2/Q1883,cannot reshape array of size 8001 into shape (12)
cpsc2018,Q1887,/Users/zy/csbj/新高分思路/data/raw/external/cpsc2018/cpsc_2018_extra/g2/Q1887,cannot reshape array of size 32577 into shape (12)
cpsc2018,Q1970,/Users/zy/csbj/新高分思路/data/raw/external/cpsc2018/cpsc_2018_extra/g2/Q1970,cannot reshape array of size 24385 into shape (12)
cpsc2018,Q1976,/Users/zy/csbj/新高分思路/data/raw/external/cpsc2018/cpsc_2018_extra/g2/Q1976,cannot reshape array of size 8001 into shape (12)
cpsc2018,Q1986,/Users/zy/csbj/新高分思路/data/raw/external/cpsc2018/cpsc_2018_extra/g2/Q1986,cannot reshape array of size 16193 into shape (12)
cpsc2018,Q1996,/Users/zy/csbj/新高分思路/data/raw/external/cpsc2018/cpsc_2018_extra/g2/Q1996,cannot reshape array of size 8001 into shape (12)
cpsc2018,Q2026,/Users/zy/csbj/新高分思路/data/raw/external/cpsc2018/cpsc_2018_extra/g2/Q2026,cannot reshape array of size 8001 into shape (12)
cpsc2018,Q2070,/Users/zy/csbj/新高分思路/data/raw/external/cpsc2018/cpsc_2018_extra/g2/Q2070,cannot reshape array of size 8001 into shape (12)
cpsc2018,Q2071,/Users/zy/csbj/新高分思路/data/raw/external/cpsc2018/cpsc_2018_extra/g2/Q2071,cannot reshape array of size 8001 into shape (12)
cpsc2018,Q2075,/Users/zy/csbj/新高分思路/data/raw/external/cpsc2018/cpsc_2018_extra/g2/Q2075,cannot reshape array of size 8001 into shape (12)
cpsc2018,Q2173,/Users/zy/csbj/新高分思路/data/raw/external/cpsc2018/cpsc_2018_extra/g3/Q2173,cannot reshape array of size 8001 into shape (12)
cpsc2018,Q2200,/Users/zy/csbj/新高分思路/data/raw/external/cpsc2018/cpsc_2018_extra/g3/Q2200,cannot reshape array of size 24385 into shape (12)
cpsc2018,Q2211,/Users/zy/csbj/新高分思路/data/raw/external/cpsc2018/cpsc_2018_extra/g3/Q2211,cannot reshape array of size 32577 into shape (12)
cpsc2018,Q2234,/Users/zy/csbj/新高分思路/data/raw/external/cpsc2018/cpsc_2018_extra/g3/Q2234,cannot reshape array of size 16193 into shape (12)
cpsc2018,Q2254,/Users/zy/csbj/新高分思路/data/raw/external/cpsc2018/cpsc_2018_extra/g3/Q2254,cannot reshape array of size 8001 into shape (12)
cpsc2018,Q2270,/Users/zy/csbj/新高分思路/data/raw/external/cpsc2018/cpsc_2018_extra/g3/Q2270,cannot reshape array of size 32577 into shape (12)
cpsc2018,Q2283,/Users/zy/csbj/新高分思路/data/raw/external/cpsc2018/cpsc_2018_extra/g3/Q2283,cannot reshape array of size 24385 into shape (12)
cpsc2018,Q2292,/Users/zy/csbj/新高分思路/data/raw/external/cpsc2018/cpsc_2018_extra/g3/Q2292,cannot reshape array of size 24385 into shape (12)
cpsc2018,Q2307,/Users/zy/csbj/新高分思路/data/raw/external/cpsc2018/cpsc_2018_extra/g3/Q2307,cannot reshape array of size 8001 into shape (12)
cpsc2018,Q2309,/Users/zy/csbj/新高分思路/data/raw/external/cpsc2018/cpsc_2018_extra/g3/Q2309,cannot reshape array of size 16193 into shape (12)
cpsc2018,Q2310,/Users/zy/csbj/新高分思路/data/raw/external/cpsc2018/cpsc_2018_extra/g3/Q2310,cannot reshape array of size 8001 into shape (12)
cpsc2018,Q2350,/Users/zy/csbj/新高分思路/data/raw/external/cpsc2018/cpsc_2018_extra/g3/Q2350,cannot reshape array of size 57153 into shape (12)
cpsc2018,Q2378,/Users/zy/csbj/新高分思路/data/raw/external/cpsc2018/cpsc_2018_extra/g3/Q2378,cannot reshape array of size 48961 into shape (12)
cpsc2018,Q2390,/Users/zy/csbj/新高分思路/data/raw/external/cpsc2018/cpsc_2018_extra/g3/Q2390,cannot reshape array of size 8001 into shape (12)
cpsc2018,Q2428,/Users/zy/csbj/新高分思路/data/raw/external/cpsc2018/cpsc_2018_extra/g3/Q2428,cannot reshape array of size 16193 into shape (12)
cpsc2018,Q2438,/Users/zy/csbj/新高分思路/data/raw/external/cpsc2018/cpsc_2018_extra/g3/Q2438,cannot reshape array of size 24385 into shape (12)
cpsc2018,Q2468,/Users/zy/csbj/新高分思路/data/raw/external/cpsc2018/cpsc_2018_extra/g3/Q2468,cannot reshape array of size 40769 into shape (12)
cpsc2018,Q2515,/Users/zy/csbj/新高分思路/data/raw/external/cpsc2018/cpsc_2018_extra/g3/Q2515,cannot reshape array of size 57153 into shape (12)
cpsc2018,Q2528,/Users/zy/csbj/新高分思路/data/raw/external/cpsc2018/cpsc_2018_extra/g3/Q2528,cannot reshape array of size 65345 into shape (12)
cpsc2018,Q2621,/Users/zy/csbj/新高分思路/data/raw/external/cpsc2018/cpsc_2018_extra/g3/Q2621,cannot reshape array of size 24385 into shape (12)
cpsc2018,Q2629,/Users/zy/csbj/新高分思路/data/raw/external/cpsc2018/cpsc_2018_extra/g3/Q2629,cannot reshape array of size 16193 into shape (12)
cpsc2018,Q2677,/Users/zy/csbj/新高分思路/data/raw/external/cpsc2018/cpsc_2018_extra/g3/Q2677,cannot reshape array of size 24385 into shape (12)
cpsc2018,Q2730,/Users/zy/csbj/新高分思路/data/raw/external/cpsc2018/cpsc_2018_extra/g3/Q2730,cannot reshape array of size 40769 into shape (12)
cpsc2018,Q2753,/Users/zy/csbj/新高分思路/data/raw/external/cpsc2018/cpsc_2018_extra/g3/Q2753,cannot reshape array of size 32577 into shape (12)
cpsc2018,Q2771,/Users/zy/csbj/新高分思路/data/raw/external/cpsc2018/cpsc_2018_extra/g3/Q2771,cannot reshape array of size 48961 into shape (12)
cpsc2018,Q2976,/Users/zy/csbj/新高分思路/data/raw/external/cpsc2018/cpsc_2018_extra/g3/Q2976,cannot reshape array of size 40769 into shape (12)
cpsc2018,Q2979,/Users/zy/csbj/新高分思路/data/raw/external/cpsc2018/cpsc_2018_extra/g3/Q2979,cannot reshape array of size 32577 into shape (12)
cpsc2018,Q3053,/Users/zy/csbj/新高分思路/data/raw/external/cpsc2018/cpsc_2018_extra/g3/Q3053,cannot reshape array of size 24385 into shape (12)
cpsc2018,Q3075,/Users/zy/csbj/新高分思路/data/raw/external/cpsc2018/cpsc_2018_extra/g3/Q3075,cannot reshape array of size 24385 into shape (12)
cpsc2018,Q3076,/Users/zy/csbj/新高分思路/data/raw/external/cpsc2018/cpsc_2018_extra/g3/Q3076,cannot reshape array of size 24385 into shape (12)
cpsc2018,Q3258,/Users/zy/csbj/新高分思路/data/raw/external/cpsc2018/cpsc_2018_extra/g4/Q3258,cannot reshape array of size 8001 into shape (12)
cpsc2018,Q3265,/Users/zy/csbj/新高分思路/data/raw/external/cpsc2018/cpsc_2018_extra/g4/Q3265,cannot reshape array of size 24385 into shape (12)
cpsc2018,Q3284,/Users/zy/csbj/新高分思路/data/raw/external/cpsc2018/cpsc_2018_extra/g4/Q3284,cannot reshape array of size 16193 into shape (12)
cpsc2018,Q3291,/Users/zy/csbj/新高分思路/data/raw/external/cpsc2018/cpsc_2018_extra/g4/Q3291,cannot reshape array of size 16193 into shape (12)
cpsc2018,Q3294,/Users/zy/csbj/新高分思路/data/raw/external/cpsc2018/cpsc_2018_extra/g4/Q3294,cannot reshape array of size 8001 into shape (12)
cpsc2018,Q3306,/Users/zy/csbj/新高分思路/data/raw/external/cpsc2018/cpsc_2018_extra/g4/Q3306,cannot reshape array of size 48961 into shape (12)
cpsc2018,Q3319,/Users/zy/csbj/新高分思路/data/raw/external/cpsc2018/cpsc_2018_extra/g4/Q3319,cannot reshape array of size 40769 into shape (12)
cpsc2018,Q3389,/Users/zy/csbj/新高分思路/data/raw/external/cpsc2018/cpsc_2018_extra/g4/Q3389,cannot reshape array of size 40769 into shape (12)
cpsc2018,Q3398,/Users/zy/csbj/新高分思路/data/raw/external/cpsc2018/cpsc_2018_extra/g4/Q3398,cannot reshape array of size 24385 into shape (12)
cpsc2018,Q3403,/Users/zy/csbj/新高分思路/data/raw/external/cpsc2018/cpsc_2018_extra/g4/Q3403,cannot reshape array of size 32577 into shape (12)
cpsc2018,Q3415,/Users/zy/csbj/新高分思路/data/raw/external/cpsc2018/cpsc_2018_extra/g4/Q3415,cannot reshape array of size 40769 into shape (12)
cpsc2018,Q3429,/Users/zy/csbj/新高分思路/data/raw/external/cpsc2018/cpsc_2018_extra/g4/Q3429,cannot reshape array of size 32577 into shape (12)
cpsc2018,Q3430,/Users/zy/csbj/新高分思路/data/raw/external/cpsc2018/cpsc_2018_extra/g4/Q3430,cannot reshape array of size 32577 into shape (12)
cpsc2018,Q3543,/Users/zy/csbj/新高分思路/data/raw/external/cpsc2018/cpsc_2018_extra/g4/Q3543,cannot reshape array of size 73537 into shape (12)
cpsc2018,Q3561,/Users/zy/csbj/新高分思路/data/raw/external/cpsc2018/cpsc_2018_extra/g4/Q3561,cannot reshape array of size 32577 into shape (12)
cpsc2018,Q3568,/Users/zy/csbj/新高分思路/data/raw/external/cpsc2018/cpsc_2018_extra/g4/Q3568,cannot reshape array of size 32577 into shape (12)
cpsc2018,Q3573,/Users/zy/csbj/新高分思路/data/raw/external/cpsc2018/cpsc_2018_extra/g4/Q3573,cannot reshape array of size 40769 into shape (12)
cpsc2018,Q3574,/Users/zy/csbj/新高分思路/data/raw/external/cpsc2018/cpsc_2018_extra/g4/Q3574,cannot reshape array of size 40769 into shape (12)
cpsc2018,Q3577,/Users/zy/csbj/新高分思路/data/raw/external/cpsc2018/cpsc_2018_extra/g4/Q3577,cannot reshape array of size 8001 into shape (12)
cpsc2018,Q3580,/Users/zy/csbj/新高分思路/data/raw/external/cpsc2018/cpsc_2018_extra/g4/Q3580,cannot reshape array of size 32577 into shape (12)
